rater1-postid;rater1-cat;rater1-phrase;status;rater2-postid;rater2-cat;rater2-phrase
490824;4;What are the equivalent;TXT;490824;4;What are the equivalent file extensions for Eclipse?
490824;4;Do they even exist?;OK;490824;4;Do they even exist?
490824;6;Is there a tutorial for;TXT;490824;6;Is there a tutorial for Microsoft refugees somewhere?
939444;6;Which blog has the freshest and most walkthroughs, code samples, and tutorials?;OK;939444;6;Which blog has the freshest and most walkthroughs, code samples, and tutorials?
939444;-;;MISSING;939444;6;Which Android development blog has the most walkthroughs and tutorials?
1002164;6;anyone knows of a good tutorial on;TXT;1002164;6;anyone knows of a good tutorial on the subject?
1002164;-;;MISSING;1002164;4;Write applications in C or C++ for Android?
1002164;-;;MISSING;1002164;0;How can I create custom controls in Android?
1046256;6;Are there at least some nice tutorials;TXT;1046256;6;Are there at least some nice tutorials where I can read how to create a custom control?
1046256;4;Is there a way to;TXT;1046256;4;Is there a way to realize this?
1046256;0;How can I;MISSING;1046256;-;
1472898;0;How do I;TXT;1472898;0;How do I save data structures in android?
1472898;3;Is there a better way;TXT;1472898;3;Is there a better way to store this information?
1472898;6;but I find no tutorials or anything like that;MISSING;1472898;-;
1472898;-;;MISSING;1472898;0;are there any instructions how to use the parsers in android?
1603901;6;Please give me references (Books, Tutorials) to build-up understandings.;MISSING;1603901;-;
1603901;-;;MISSING;1603901;4;What knowledge/expertize is required to port android to custom arm device?
1629775;6;What tutorials and libraries are;TXT;1629775;6;What tutorials and libraries are available which can help beginners to develop 2D and 3D games on Android using OpenGL-ES?
1629775;6;I'm looking for tutorials which;TXT;1629775;6;I'm looking for tutorials
1969772;6;i am looking for some sample code or tutorial that;TXT;1969772;6;i am looking for some sample code or tutorial
2051153;-;;MISSING;2051153;0;how do you set this?
2051153;0;How then do you;TXT;2051153;0;How then do you set a date changed listener in Android?
2051153;4;what is the purpose for;TXT;2051153;4;If it is not possible to set a date changed listener, what is the purpose for this event?
2051153;6;Any documentation/tutorials will be very helpfu;TXT;2051153;6;Any documentation/tutorials will be very helpful.
2051153;0;how do you;MISSING;2051153;-;
2132033;6;Is there a comprehensive tutorial or guide on this subject?;OK;2132033;6;Is there a comprehensive tutorial or guide on this subject?
2132033;3;Are there other objects that need to be;CAT;2132033;4;Are there other objects that need to be destroyed or removed when the Activity is destroyed?
2132033;-;;MISSING;2132033;4;What about Listeners?
2147144;6;links to tutorials?;TXT;2147144;6;Can anyone offer any help and assistance or links to tutorials?
2147144;0;How to;TXT;2147144;0;How to display a dialog over a native screen?
2147144;-;;MISSING;2147144;0;how to pop a dialog screen up over a native Android screen?
2159254;6;Any tutorial-like articles out there;TXT;2159254;6;Any tutorial-like articles out there that explain how to use jRuby on Android?
2159254;6;Do you know of any other tutorials or how to's out there that explain the process in more detail?;OK;2159254;6;Do you know of any other tutorials or how to's out there that explain the process in more detail?
4913875;0;How to;OK;4913875;0;How to
4913875;3;what's the best;TXT;4913875;3;what's the best one
4921067;0;how to;OK;4921067;0;how to
4921067;0;how it can be done;OK;4921067;0;how it can be done
4922185;1;I have tried;TXT;4922185;1;I have tried both
4963150;4;Is there any good way;TXT;4963150;4;Is there any good way of doing this?
4963150;-;;MISSING;4963150;1;I am trying to
4963150;4;if there is a way to;MISSING;4963150;-;
4985518;1;I am trying to;OK;4985518;1;I am trying to
5001762;0;how can I;OK;5001762;0;how can I
5029645;0;How can I;CAT;5029645;1;How can I solve this problem?
5029645;-;;MISSING;5029645;1;I want to
5052845;3;What's the way to optimize it?;OK;5052845;3;What's the way to optimize it?
5058529;0;how can i;OK;5058529;0;how can i
5058529;4;Is there a way to;OK;5058529;4;Is there a way to
5104487;0;how can i;TXT;5104487;0;How can i get
5163364;5;recently updated to API 10;MISSING;5163364;-;
5163364;-;;MISSING;5163364;3;might that be the issue?
5168888;0;how to;OK;5168888;0;how to
5181997;4;what the full path of my xml file;OK;5181997;4;what the full path of my xml file
5269569;1;I have tried but;OK;5269569;1;I have tried but
5269569;-;;MISSING;5269569;1;I want to
5269569;3;Which property should is set to;MISSING;5269569;-;
5277834;4;IS there any way to;OK;5277834;4;IS there any way to
5328210;0;How I can prevent this;CAT;5328210;3;How I can prevent this
5328210;3;Is there better method;OK;5328210;3;Is there better method
5328210;4;is there way;OK;5328210;4;is there way
5328210;2;crashing - error is;MISSING;5328210;-;
5335665;0;How do I;OK;5335665;0;How do I
5335665;-;;MISSING;5335665;6;Can anybody give an example?
5498669;3;What is the correct way to;TXT;5498669;3;What is the correct way to tackle this problem?
5627580;2;array out of bound exception;OK;5627580;2;array out of bound exception
5627580;-;;MISSING;5627580;3;Does any one know what is wrong with this piece of code?
5654417;3;any other suggestions;TXT;5654417;3;Are their any other suggestions people have gotten to work?
5654417;3;I'm considering:;MISSING;5654417;-;
5654417;-;;MISSING;5654417;4;am I missing something about how bluetooth operates
5686656;0;how you can;OK;5686656;0;how you can
5686656;0;How to;MISSING;5686656;-;
5705821;0;How do I;OK;5705821;0;How do I
5715372;0;Wich was the way to;CAT;5715372;3;Wich was the way to refresh the mapview?
5715372;1;'m having problems;MISSING;5715372;-;
5715372;4;what happens if;MISSING;5715372;-;
5754887;0;how can i;OK;5754887;0;how can i
5760872;0;how can i;OK;5760872;0;how can i
5760872;2;error;TXT;5760872;2;but i have an error
5760872;-;;MISSING;5760872;1;I tried to
5807239;1;The problem i am having is;MISSING;5807239;-;
5855020;4;What is the difference between;OK;5855020;4;What is the difference between
5855020;-;;MISSING;5855020;6;Can anybody give such a use case.
5855716;4;Is it possible to;OK;5855716;4;Is it possible to
5910739;1;problem occur when;MISSING;5910739;-;
5910739;-;;MISSING;5910739;1;the run method is not calling
5936912;0;how to;OK;5936912;0;how to
5936912;1;why is the above code not working?;OK;5936912;1;why is the above code not working?
6087713;0;How to;OK;6087713;0;How to
6100702;3;Why is this happening?;CAT;6100702;1;Why is this happening?
6136592;0;How to;OK;6136592;0;How to
6136592;0;how to;OK;6136592;0;how to
6252170;0;How to;OK;6252170;0;How to
6252170;1;What I am doing wrong?;OK;6252170;1;What I am doing wrong?
6257363;0;How might I;TXT;6257363;0;How might I display ogl on an emulator?
6257363;1;code that doesn't work;MISSING;6257363;-;
6257363;-;;MISSING;6257363;1;neither displays
6257363;-;;MISSING;6257363;1;I have tested
6257363;-;;MISSING;6257363;1;I have also tested
6257363;-;;MISSING;6257363;1;and the demos don't display
6287636;1;I'm trying to;MISSING;6287636;-;
6312086;4;Is their a reason;TXT;6312086;4;Is their a reason I cannot do
6312086;-;;MISSING;6312086;4;When using SQLite?
6377195;4;when is one method favored (or more appropriate) over the other and why?;CAT;6377195;3;when is one method favored
6377195;3;What's the proper way to;OK;6377195;3;What's the proper way to
6377195;4;So what are the differences;TXT;6377195;4;So what are the differences if any
6377195;-;;MISSING;6377195;;
6414396;-;;MISSING;6414396;4;Or am I completely wrong and all three are completely different entities?
6414396;-;;MISSING;6414396;4;is this mode exclussive for android or does android also support HCI or Bnep
6423197;3;Is there any alternative that;TXT;6423197;3;Is there any alternative that someone may suggest?
6423770;1;Any clue where I am wrong?;OK;6423770;1;Any clue where I am wrong?
6437328;6;Suggest me some good tutorials;MISSING;6437328;-;
6437328;4;How is it different with;TXT;6437328;4;How is it different with JSON?
6465905;0;How to;TXT;6465905;0;How to update E-mail, Address, Nickname, etc of a contact in Android?
6465905;0;how to do;TXT;6465905;0;Does anyone know how to do that?
6465905;6;links to some tutorials;TXT;6465905;6;Even links to some tutorials would help.
6476182;0;How to;OK;6476182;0;How to
6476182;0;How can i do this?;OK;6476182;0;How can i do this?
6478036;0;how this can be done;TXT;6478036;0;how this can be done?
6478036;6;provide me start to end tutorials on;TXT;6478036;6;It would be amazing if anyone out there could provide me start to end tutorials
6478036;6;give me guidelines on;MISSING;6478036;-;
6529087;0;How do I;OK;6529087;0;How do I
6529087;6;could use as a tutorial;TXT;6529087;6;Also, what's a good resource that I could use as a tutorial for Ant?
6529087;-;;MISSING;6529087;1;I want to
6529087;-;;MISSING;6529087;1;but I have no idea how to
6565366;2;error in imports;OK;6565366;2;error in imports
6565366;2;error on importing;OK;6565366;2;error on importing
6586343;4;Where would the proper place be;CAT;6586343;3;Where would the proper place be
6586343;4;Is there a comparable way;TXT;6586343;4;s there a comparable way
6674059;0;how to;OK;6674059;0;how to
6682038;4;what are the pitfalls;OK;6682038;4;what are the pitfalls
6703715;0;how to;CAT;6703715;1;Can somebody tell me how to get the open source projects code
6703715;-;;MISSING;6703715;4;Are Android applications like Google Calender, Google Docs, Google Goggles, Android Market open source?
6706490;4;Is there any issue;TXT;6706490;4;Is there any issue on Windows XP with Virtual Box?
6706490;2;the following error;MISSING;6706490;-;
6706490;-;;MISSING;6706490;4;Is android application not running on Virtual Box?
6739240;0;How to;OK;6739240;0;How to
6739240;0;how to;TXT;6739240;0;how to make it
6739240;0;how to;TXT;6739240;0;Could someone please provide me with an outline of how to make this happen, and some methods that I will need to call?
6758109;0;How to;OK;6758109;0;How to
6758109;0;How to;OK;6758109;0;How to
6758109;0;how can I do this;OK;6758109;0;how can I do this
6758109;3;what should I do?;TXT;6758109;3;Can anyone explain more what should I do?
6758109;0;what should I do;MISSING;6758109;-;
6779857;3;Do I need to add any additional;CAT;6779857;4;Do I need to add any additional
6779857;4;Is there any additional information I need to;OK;6779857;4;Is there any additional information I need to
6825930;-;;MISSING;6825930;1;I was wondering what could have gone wrong
6843777;3;is there a more better way;OK;6843777;3;is there a more better way
6843777;0;How can I;MISSING;6843777;-;
6843777;-;;MISSING;6843777;0;How will I
6873901;1;Can anybody tell me a workaround to this problem?;OK;6873901;1;Can anybody tell me a workaround to this problem?
6897785;0;How to;OK;6897785;0;How to
6897785;4;Is there any way to;OK;6897785;4;Is there any way to
6925174;0;How to;OK;6925174;0;How to
6925174;1;But was not able to succeed;OK;6925174;1;But was not able to succeed
6925174;1;I tried everything possible;TXT;6925174;1;I tried
6925174;1;but nothing seems to work;TXT;6925174;1;but nothing seems to work.
6925174;-;;MISSING;6925174;1;I as well tried to
6925174;-;;MISSING;6925174;;
6936939;0;how to;OK;6936939;0;how to
6936939;0;how to get;TXT;6936939;0;how to
6981916;0;How to;OK;6981916;0;How to
7109219;0;How can I do;TXT;7109219;0;How can I do this
7144475;4;Is this some kind of bugs?;MISSING;7144475;-;
7188871;0;How to;OK;7188871;0;How to
7188871;0;how to create;TXT;7188871;0;how to
7268358;4;is it possible to;OK;7268358;4;is it possible to
7279259;2;exception;TXT;7279259;2;null pointer exceptions
7279259;2;throwing these null pointer exceptions;TXT;7279259;2;exception
7279259;4;Why;TXT;7279259;4;Why is
7279259;-;;MISSING;7279259;0;How can I
7279259;-;;MISSING;7279259;2;java.lang.NullPointerException
7279259;-;;MISSING;7279259;2;java.lang.NullPointerException
7279259;0;How can I;MISSING;7279259;-;
7279259;-;;MISSING;7279259;2;exception
7279259;-;;MISSING;7279259;4;Why?
7302447;0;How to;OK;7302447;0;How to
7302447;0;how can I;OK;7302447;0;how can I
7339515;0;How do I;OK;7339515;0;How do I
7339515;1;But it does nothing.;MISSING;7279259;-;
7341878;0;Is this still true?;CAT;7341878;4;Is this still true?
7341878;4;Is it required that;OK;7341878;4;Is it required that
7403219;0;How can I;OK;7403219;0;How can I
7403219;0;How can I;OK;7403219;0;How can I
7490752;0;How to;OK;7490752;0;How to
7490752;4;Can i;OK;7490752;4;Can i
7569866;4;Anyone who has used;OK;7569866;4;Anyone who has used
7569866;0;How to;TXT;7569866;0;How to do
7608339;4;Is there any;OK;7608339;4;Is there any
7608339;4;Can I use;OK;7608339;4;Can I use
7608339;4;Have anybody did the same things before.;TXT;7608339;4;Have anybody did the same things before
7611396;2;but I get this error;TXT;7611396;2;I get this error
7611396;2;Error;TXT;7611396;2;ERROR
7611396;2;but then I get the error:;TXT;7611396;2;but then I get the error
7611396;-;;MISSING;7611396;2;java.lang.ClassCastException
7611396;-;;MISSING;7611396;2;Error
7611396;-;;MISSING;7611396;2;java.lang.ClassCastException
7620249;0;How can I;OK;7620249;0;How can I
7620249;0;How can I do;TXT;7620249;0;How can I do it
7805257;0;how can I;OK;7805257;0;how can I
7805257;1;but application crashes;MISSING;7805257;-;
7889934;4;Are there other;OK;7889934;4;Are there other
7889934;4;Is there any;TXT;7889934;4;Is there any third party
7891242;4;"how the \""Buy\"" button works";TXT;7891242;4;"can anyone tell me how the \""Buy\"" button fires"
7891242;4;But I don't understand what;TXT;7891242;4;what does this button
7891242;4;what is;MISSING;7891242;-;
7891242;4;Can anyone clarify that ?;MISSING;7891242;-;
7891242;4;"can anyone tell me how the \""Buy\"" button fires";MISSING;7891242;-;
8075226;0;how do I make;TXT;8075226;0;how do I
8119272;0;What must I do to;OK;8119272;0;What must I do to
8215320;4;why;TXT;8215320;4;why on the first I open the panel there's no animation but all the other ones there is?
8215320;1;The animation doesn't work;MISSING;8215320;-;
8216479;0;how to;OK;8216479;0;how to
8216479;0;How can I t;TXT;8216479;0;How can I
8216479;4;is it not necessary?;TXT;8216479;4;Or is it not necessary?
8250325;4;Does anyone know if I can;OK;8250325;4;Does anyone know if I can
8250325;6;can anyone post me some links with;OK;8250325;6;can anyone post me some links with
8250325;4;s Qt available for;TXT;8250325;4;Is Qt available for it
8262197;2;i get an error when;OK;8262197;2;i get an error when
8262197;1;but it didnt works;MISSING;8262197;-;
8262197;1;I also tried;MISSING;8262197;-;
8262197;1;it didnt work;MISSING;8262197;-;
8284757;4;I couldn't understand where should I;MISSING;8284757;-;
8304670;1;not working;MISSING;8304670;-;
8304670;-;;MISSING;8304670;4;Could anyone please explain to me
8304670;-;;MISSING;8304670;0;how I could fix it
8304670;1;does not work but;MISSING;8304670;-;
8323004;0;How can I;OK;8323004;0;How can I
8323004;4;Is it possible to;OK;8323004;4;Is it possible to
8371743;0;How do I;OK;8371743;0;How do I
8387985;0;How can I do;TXT;8387985;0;How can I do that?
8424876;2;uncaught exception;OK;8424876;2;uncaught exception
8424876;2;crashes my app;MISSING;8424876;-;
8424876;-;;MISSING;8424876;2;giving me this error
8424876;-;;MISSING;8424876;2;java.lang.OutOfMemoryError
8424876;4;Shouldnt this;MISSING;8424876;-;
8500530;0;how to;OK;8500530;0;how to
8500530;0;how can I;OK;8500530;0;how can I
8596554;4;Is there any way;TXT;8596554;4;Is there any way I can
8612884;2;FATAL EXCEPTION:;TXT;8612884;2;FATAL EXCEPTION
8612884;2;getting errors;MISSING;8612884;-;
8612884;2;android.os.networkexception;MISSING;8612884;-;
8612884;-;;MISSING;8612884;2;java.lang.RuntimeException
8612884;-;;MISSING;8612884;2;java.lang.IllegalArgumentException
8619429;0;How to;OK;8619429;0;How to
8686077;0;How to;OK;8686077;0;How to
8686077;3;Does anyone know a better way to do this?;OK;8686077;3;Does anyone know a better way to do this?
8687073;1;I don't know what's going wrong;MISSING;8687073;-;
8687073;1;but it doesn't work;MISSING;8687073;-;
8713576;0;how to;OK;8713576;0;how to
8713576;0;how to;OK;8713576;0;how to
8713576;6;from where to start?;MISSING;8713576;-;
8714409;3;just wanted to check what I'm doing is correct;OK;8714409;3;just wanted to check what I'm doing is correct
8714409;3;suggest any other ways;OK;8714409;3;suggest any other ways
8726290;0;How to do this?;TXT;8726290;0;How to
8726290;0;How to;TXT;8726290;0;How to do this
8766887;1;What am I doing wrong?;OK;8766887;1;What am I doing wrong?
8766887;3;Is this the best approach?;OK;8766887;3;Is this the best approach?
8766887;3;Does anyone have any other suggestions?;OK;8766887;3;Does anyone have any other suggestions?
8778307;4;Is there;OK;8778307;4;Is there
8795552;0;How to;OK;8795552;0;How to
8795552;0;how is it possible to;OK;8795552;0;how is it possible to
8904911;4;Will it also be possible to;OK;8904911;4;Will it also be possible to
8904911;4;can I;TXT;8904911;4;can I create
8908862;0;How to;OK;8908862;0;How to
8908862;0;How to;OK;8908862;0;How to
8910129;0;How can I;OK;8910129;0;How can I
8910129;0;How can i;TXT;8910129;0;How can i achieve this?
8944041;4;Is WebView affected;MISSING;8944041;-;
8982815;4;Can anyone explain me why;OK;8982815;4;Can anyone explain me why
9004846;1;not to be working;OK;9004846;1;not to be working
9004846;1;I am trying to;OK;9004846;1;I am trying to
9004846;1;what am I doing wrong?;TXT;9004846;1;Does anyone has a clue what am I doing wrong?
9004846;1;doesn't work;MISSING;9004846;-;
9022750;-;;MISSING;9022750;1;Could anyone shed some light on this
9022750;2;is the error I'm getting:;MISSING;9022750;-;
9022750;2;get an error;MISSING;9022750;-;
9022750;2;ERROR;MISSING;9022750;-;
9033227;4;is the connection already opend;MISSING;9033227;-;
9033227;-;;MISSING;9033227;3;to understand if i'm doing correctly this thing
9033227;3;to understand if i'm doing correctly;MISSING;9033227;-;
9064944;1;Where is the problem exactly?;OK;9064944;1;Where is the problem exactly?
9064944;2;gets the following error:;MISSING;9064944;-;
9064944;2;gets the following error;MISSING;9064944;-;
9065164;0;how can i;OK;9065164;0;how can i
9065164;2;i get error;MISSING;9065164;-;
9065164;-;;MISSING;9065164;2;java.lang.RuntimeException
9065164;-;;MISSING;9065164;2;android.view.InflateException
9073428;2;java.io.FileNotFoundException;OK;9073428;2;java.io.FileNotFoundException
9073428;2;throws FileNotFoundException;TXT;9073428;2;FileNotFoundException
9074697;0;how to do;TXT;9074697;0;how to do this
9106929;0;How can I do;TXT;9106929;0;How can I do this?
9163411;4;If the handler was instantiated in the main UI thread;MISSING;9163411;-;
9231508;4;What is a valid;TXT;9231508;4;What is a valid User-Agent to identify a not-mobile user?
9231508;4;or it's overridden by;MISSING;9231508;-;
9236247;6;haven't been able to find much code/tutorials on;TXT;9236247;6;I haven't been able to find much code/tutorials
9258498;0;How to;OK;9258498;0;How to
9258498;0;How can I;OK;9258498;0;How can I
9258498;4;And can I run;OK;9258498;4;And can I run
9258498;4;Is it possible to;TXT;9258498;4;Is it possible to do so?
9258498;2;exception is thrown;TXT;9258498;2;An exception is thrown
9284774;4;What does that mean?;OK;9284774;4;What does that mean?
9284774;4;What does android:enabled mean;TXT;9284774;4;What does android:enabled mean for a service
9284774;4;Can it be used;TXT;9284774;4;Can it be used at all?
9284774;4;Can it only be used;TXT;9284774;4;Can it only be used locally?
9284774;0;how do you;MISSING;9284774;-;
9288046;0;I dont know how get;TXT;9288046;0;But I dont know how get the
9292032;0;how to;OK;9292032;0;how to
9292032;0;How can I;TXT;9292032;0;How can I read out
9292032;-;;MISSING;9292032;0;how can I
9292032;0;how to;MISSING;9292032;-;
9303530;4;What is happening above?;OK;9303530;4;What is happening above?
9303530;4;"What does \""@link\"" mean?";OK;9303530;4;"What does \""@link\"" mean?"
9303530;4;What does that # mean?;OK;9303530;4;What does that # mean?
9303530;4;why is there a;MISSING;9303530;-;
9306360;0;How to;OK;9306360;0;How to
9306360;0;How can I;OK;9306360;0;How can I
9318885;4;why;TXT;9318885;4;why isn't setPadding being respected
9326426;3;if there are easier way;TXT;9326426;3;if there are easier way please tell me
9326426;6;give me tutorials;TXT;9326426;6;maybe someone could give me tutorials
9326426;0;how to do;MISSING;9326426;-;
9335245;4;Is there a maximum number of copies I can sell?;OK;9335245;4;Is there a maximum number of copies I can sell?
9335245;-;;MISSING;9335245;4;Can I sell an android APK
9338050;3;Is this the proper way to;OK;9338050;3;Is this the proper way to
9346670;4;Is it not possible to;OK;9346670;4;Is it not possible to
9346670;0;how can I;TXT;9346670;0;how can I select items in my list?
9460262;1;it does not show anything;MISSING;9460262;-;
9463815;1;any advice?;MISSING;9463815;-;
9572060;4;What does sign mean;MISSING;9572060;-;
9615692;2;there is an error;MISSING;9615692;-;
9615692;1;do not know what is wrong;MISSING;9615692;-;
9744390;0;How can one;OK;9744390;0;How can one
9769037;0;How to;OK;9769037;0;How to
9769037;4;Is there any way to;TXT;9769037;4;Is there any way to do this
9792042;0;how would i;TXT;9792042;0;how would i get
9792042;0;how would i;TXT;9792042;0;how would i draw
9806791;1;I've tried to use shared preferences but it didn't work;TXT;9806791;1;but it didn't work
9806791;3;is there is any other way;TXT;9806791;3;is there is any other way to do that
9806791;-;;MISSING;9806791;1;I've tried to
9817372;2;FATAL EXCEPTION;OK;9817372;2;FATAL EXCEPTION
9817372;2;VerifyError;TXT;9817372;2;java.lang.VerifyError
9817372;2;Errors such a;MISSING;9817372;-;
9817372;5;Updated SDK Tools and ADT to 17;MISSING;9817372;-;
9817372;5;After upgrading the ADT and SDK tools to version 17;MISSING;9817372;-;
9842655;1;what am I doing wrong;TXT;9842655;1;So what am I doing wrong
9859166;4;can we use;TXT;9859166;4;can we use Android NDK to do most of work
9895408;3;do I have to;CAT;9895408;4;do I have to
9895408;0;(How) can I;OK;9895408;0;(How) can I
9895408;4;can I increase;TXT;9895408;4;(How) can I
9959099;5;"if I wanted to use ActionBar on devices lower than SDK version ""11”";CAT;9959099;4;Does anyone have any experience using both of these systems?
9959099;4;Is using ActionBarSherlock still necessary?;TXT;9959099;4;Is using ActionBarSherlock still necessary
9959099;5;functioning actionbar system on preHoneycomb;MISSING;9959099;-;
9963823;0;how could I;MISSING;9963823;-;
9963823;3;is there anything I've missed;MISSING;9963823;-;
9973308;1;but can't see what I'm doing wrong.;TXT;9973308;1;can't see what I'm doing wrong.
9973308;1;but I'm unable to;MISSING;9973308;-;
10053832;0;How to;OK;10053832;0;How to
10053832;0;How to;OK;10053832;0;How to
10053832;0;how to;MISSING;10053832;-;
10177762;4;Can I use;OK;10177762;4;Can I use
10253043;1;problem and can help me;MISSING;10253043;-;
10253043;1;this isn't working;MISSING;10253043;-;
10264012;0;How to;OK;10264012;0;How to
10266595;0;How to;OK;10266595;0;How to
10266595;0;how can I;OK;10266595;0;how can I
10266595;4;is it possible;OK;10266595;4;is it possible
10266595;0;how can I;MISSING;10266595;-;
10272982;3;How should I modify;OK;10272982;3;How should I modify
10285118;0;How to;OK;10285118;0;How to
10349675;0;How i should do;TXT;10349675;0;How i should do that?
10399311;0;How can I do;TXT;10399311;0;How can I do it ?
10402041;3;Is this right?;OK;10402041;3;Is this right?
10402041;3;Is synchronized being used right;TXT;10402041;3;Is this the usual way?
10402041;4;know if I understand correctly;MISSING;10402041;-;
10402041;3;Is this the usual way?;MISSING;10402041;-;
10410616;0;How to;OK;10410616;0;How to
10410616;0;How can I;TXT;10410616;0;How can I do that?
10442438;1;can't get this to work;MISSING;10442438;-;
10442438;1;The problem is;MISSING;10442438;-;
10476715;1;how I can fix;TXT;10476715;1;Does anyone know how I can fix this?
10491736;0;How to;OK;10491736;0;How to
10491736;1;tried follows;TXT;10491736;1;I have tried follows, but there is no efficacy
10565110;0;how can I;OK;10565110;0;how can I
10565110;0;How to;TXT;10565110;0;How to know
10612751;4;Is this possible?;OK;10612751;4;Is this possible?
10612751;4;wondering if there is anyway to;TXT;10612751;4;if there is anyway to
10681637;6;Can i plz have guidelines;OK;10681637;6;Can i plz have guidelines
10681637;0;how to;TXT;10681637;0;how to install
10770979;4;Is it possible to;OK;10770979;4;Is it possible to
10770979;4;reasons why I;MISSING;10770979;-;
10770979;1;Something is wrong;MISSING;10770979;-;
10776676;4;What is the difference between;OK;10776676;4;What is the difference between
10776676;4;what the difference is;OK;10776676;4;what the difference is
10782135;3;Which one is best to;OK;10782135;3;Which one is best to
10782135;-;;MISSING;10782135;3;Which is best to
10806618;0;How to;TXT;10806618;0;How do following things
10806618;-;;MISSING;10806618;0;How to
10882402;5;This code work on android 2.2 but it does'nt work on android 2.3.3;OK;10882402;5;This code work on android 2.2 but it does'nt work on android 2.3.3
10928448;4;What is the startGC() function?;OK;10928448;4;What is the startGC() function?
10928448;4;What are the implications of;MISSING;10928448;-;
11000333;0;how to;OK;11000333;0;how to
11000333;3;Should I use;OK;11000333;3;Should I use
11000333;1;what is going wrong;MISSING;11000333;-;
11070882;3;What is the best way for;TXT;11070882;3;Best solution for
11070882;-;;MISSING;11070882;3;What is the best way for
11078231;0;How can I;OK;11078231;0;How can I
11078231;3;Any other solution to;OK;11078231;3;Any other solution to
11078231;2;I get File Not Found exception;TXT;11078231;2;File Not Found exception
11078231;-;;MISSING;11078231;2;FileNotFoundException
11225927;0;how to;MISSING;11225927;-;
11225927;1;But looping does not work;MISSING;11225927;-;
11225927;1;it causes problems;MISSING;11225927;-;
11225927;1;it didn't work;MISSING;11225927;-;
11235577;4;Can I use;OK;11235577;4;Can I use
11235577;4;is there a way to;OK;11235577;4;is there a way to
11238034;2;InvocationTargetException;TXT;11238034;2;throwing a invocationTargetException
11238034;2;throwing a invocationTargetException;MISSING;11238034;-;
11238034;3;is there a better way to;MISSING;11238034;-;
11256447;1;How do I get round this?;OK;11256447;1;How do I get round this?
11290275;0;How to;OK;11290275;0;How to
11290275;0;how to do;TXT;11290275;0;how to do it
11290275;2;OutOfMemoryError;MISSING;11290275;-;
11338066;2;throwing exception;MISSING;11338066;-;
11357721;3;where should i place it;MISSING;11357721;-;
11371021;5;which no longer works;OK;11371021;5;which no longer works
11371021;5;Jelly Bean has removed;TXT;11371021;5;Jelly Bean has removed the ability to
11371021;3;an alternative solution;MISSING;11371021;-;
11431594;4;Is it possible to;OK;11431594;4;Is it possible to
11431594;3;did any one know any better so;TXT;11431594;3;did any one know any better sol for this
11450955;-;;MISSING;11450955;0;How to
11503049;3;Is there an easier way of;TXT;11503049;3;Is there an easier way
11503049;3;whats the best;MISSING;11503049;-;
11516242;0;What i need to do;TXT;11516242;0;What i need to do for that.
11517563;1;throws the following error;CAT;11517563;2;it throws the following error
11517563;-;;MISSING;11517563;2;FATAL EXCEPTION
11517563;-;;MISSING;11517563;2;android.content.ActivityNotFoundException
11520299;-;;MISSING;11520299;2;FATAL EXCEPTION
11520299;2;How can i resolve dis error?;MISSING;11520299;-;
11520299;-;;MISSING;11520299;2;java.lang.RuntimeException
11520299;-;;MISSING;11520299;2;java.lang.NullPointerException
11605823;2;get this error:;TXT;11605823;2;i get this error
11605823;2;Error;TXT;11605823;2;error: Error:
11715848;0;how to;MISSING;11715848;-;
11718318;3;What are the other easy adoptable possible solutions;TXT;11718318;3;What are the other easy adoptable possible solutions to cache
11725838;0;How to;OK;11725838;0;How to
11725838;0;How can I;OK;11725838;0;How can I
11726100;4;Why would;TXT;11726100;4;Why would Application sometimes restart on killProcess?
11726100;4;to understand what;MISSING;11726100;-;
11726100;-;;MISSING;11726100;4;Why would Android make a killed Application restart?
11726100;-;;MISSING;11726100;4;why inconsistently?
11730902;2;FATAL EXCEPTION;OK;11730902;2;FATAL EXCEPTION
11730902;2;CalledFromWrongThreadException;OK;11730902;2;CalledFromWrongThreadException
11730902;2;crashed;MISSING;11730902;-;
11734005;4;where I set;CAT;11734005;0;where I set the color of the text
11734005;0;how to;OK;11734005;0;how to
11734005;4;whether it is possible;TXT;11734005;4;Can anybody tell whether it is possible
11777064;6;Are there any other recommended resources;OK;11777064;6;Are there any other recommended resources
11777064;4;Is there any;TXT;11777064;4;Is there any well tested and documented wrapper
11794034;4;why;TXT;11794034;4;why it won't return false and still figures out that it is connected?
11794034;4;shouldn't it get;TXT;11794034;4;if it was connected through 3D shouldn't it get the data?
11799619;3;What is the best way to;OK;11799619;3;What is the best way to
11825711;2;ClassCastException;OK;11825711;2;ClassCastException
11825711;0;How can I;TXT;11825711;0;How can I do this?
11825711;3;Is there any other way;TXT;11825711;3;Is there any other way to
11825711;2;crash my application and logcat shows this error;MISSING;11825711;-;
11825711;-;;MISSING;11825711;2;java.lang.ClassCastException
11830024;2;java.lang.RuntimeException;OK;11830024;2;java.lang.RuntimeException
11830024;2;Error;MISSING;11830024;-;
11830024;2;uncaught exception;MISSING;11830024;-;
11830024;-;;MISSING;11830024;2;java.lang.SecurityException
11830024;-;;MISSING;11830024;2;android.view.InflateException
11830024;-;;MISSING;11830024;2;java.lang.reflect.InvocationTargetException
11830024;-;;MISSING;11830024;2;android.content.res.Resources$NotFoundException
11838673;1;its just not working;MISSING;11838673;-;
11859417;0;How to;OK;11859417;0;How to
11859417;3;Can you guys let me know the more efficient way of doing that?;OK;11859417;3;Can you guys let me know the more efficient way of doing that?
11907434;2;throws an exception;OK;11907434;2;throws an exception
11907434;2;java.lang.RuntimeException;OK;11907434;2;java.lang.RuntimeException
11947452;0;how to;MISSING;11947452;-;
11968975;4;what pattern do you use to;MISSING;11968975;-;
11972441;2;android.view.InflateException:;TXT;11972441;2;java.lang.reflect.InvocationTargetException
11972441;2;java.lang.reflect.InvocationTargetException;TXT;11972441;2;java.lang.OutOfMemoryError
11972441;2;java.lang.RuntimeException:;TXT;11972441;2;java.lang.RuntimeException
11972441;2;OutOfMemory;MISSING;11972441;-;
11972441;2;logcat I get;MISSING;11972441;-;
11972441;-;;MISSING;11972441;2;FATAL EXCEPTION
11972441;-;;MISSING;11972441;2;android.view.InflateException
11972441;2;java.lang.OutOfMemoryError;MISSING;11972441;-;
12180590;0;How to;OK;12180590;0;How to
12180590;-;;MISSING;12180590;0;If yes how
12190563;3;Is this right?;CAT;12190563;4;Is this right?
12217502;1;I've been trying;MISSING;12217502;-;
12217502;1;i haven't found the solution;MISSING;12217502;-;
12217502;1;but i've tried to;MISSING;12217502;-;
12226730;1;but is not working.;MISSING;12226730;-;
12241996;4;What's going on and why is this happening?;CAT;12241996;1;What's going on
12241996;3;Is there an alternative;CAT;12241996;4;Is there an alternative library
12241996;2;"""Unable to execute dex: Java heap space\"" error";MISSING;12241996;-;
12241996;-;;MISSING;12241996;1;why is this happening?
12248891;0;How to;OK;12248891;0;How to
12248891;0;How to;OK;12248891;0;How to
12248891;0;How to;MISSING;12248891;-;
12249212;0;How can i;OK;12249212;0;How can i
12280971;1;Can someone tell me what am I doing wrong;TXT;12280971;1;what am I doing wrong
12283322;1;what I'm doing wrong?;OK;12283322;1;what I'm doing wrong?
12283322;4;Does a custom Adapter that works for a ListView also work for a Spinner?;MISSING;12283322;-;
12283322;2;error log:;MISSING;12283322;-;
12283322;2;FATAL EXCEPTION;MISSING;12283322;-;
12283322;2;java.lang.IllegalStateException:;MISSING;12283322;-;
12283322;2;java.lang.ClassCastException:;MISSING;12283322;-;
12294709;0;how to;OK;12294709;0;how to
12294709;0;how to;OK;12294709;0;how to
12326429;0;how to;TXT;12326429;0;how to get
12326429;4;can I also get data;TXT;12326429;4;can I also get
12351198;0;how can i;OK;12351198;0;how can i
12425624;3;How do I cast a string to make my second statement work correctly.;CAT;12425624;0;How do I
12632103;0;How can I;TXT;12632103;0;How can I achieve that
12649940;0;How Could I;TXT;12649940;0;How Could I get
12697608;4;what exactly is going on here?;CAT;12697608;1;what exactly is going on here?
12697608;4;whats the use of;OK;12697608;4;whats the use of
12697608;4;difficulty in understanding the use of;MISSING;12697608;-;
12697608;3;Is my understanding wrong?;MISSING;12697608;-;
12839588;0;how can i;OK;12839588;0;how can i
12841669;2;show error;TXT;12841669;2;show a error
12841669;2;error;MISSING;12841669;-;
12841669;-;;MISSING;12841669;0;what i can do to solute this
12844486;1;problem;MISSING;12844486;-;
12920106;2;java.lang.IllegalArgumentException;OK;12920106;2;java.lang.IllegalArgumentException
12920106;2;UNEXPECTED TOP-LEVEL EXCEPTION;TXT;12920106;2;EXCEPTION
12920106;2;ActivityNotFoundException;TXT;12920106;2;android.content.ActivityNotFoundException
12920106;2;got exception:;TXT;12920106;2;I got exception
12920106;2;UNEXPECTED TOP-LEVEL EXCEPTION:;MISSING;12920106;-;
12920106;2;android.content.ActivityNotFoundException:;MISSING;12920106;-;
12939985;1;how I can I fix this ?;CAT;12939985;0;how I can I fix this
12939985;3;is there any configuration or port number to change;CAT;12939985;4;is there any
12968366;2;error;TXT;12968366;2;I get the error
13014598;4;I wonder if I can;TXT;13014598;4;I know I can do it with if-else but I just wonder if I can
13014598;-;;MISSING;13014598;4;I wonder if I can
13046786;0;how to;OK;13046786;0;how to
13046786;0;how I can;OK;13046786;0;how I can
13047509;0;How to;OK;13047509;0;How to
13344818;2;SQLiteException;OK;13344818;2;SQLiteException
13344818;2;android.database.sqlite.SQLiteException;OK;13344818;2;android.database.sqlite.SQLiteException
13344818;2;getting this error:;TXT;13344818;2;I'm getting this error
13344818;2;: syntax error;MISSING;13344818;-;
13373930;0;How can I do this?;MISSING;13373930;-;
13422623;1;What can I do to avoid this?;OK;13422623;1;What can I do to avoid this?
13456366;3;What method(s) would be most appropriate for;OK;13456366;3;What method(s) would be most appropriate for
13456366;3;What alternative methods are available?;OK;13456366;3;What alternative methods are available?
13456366;3;how to improve;MISSING;13456366;-;
13456366;-;;MISSING;13456366;4;pre-image processing would be useful?
13499413;4;Is it possible;MISSING;13499413;-;
13543513;0;how to;OK;13543513;0;how to
13543513;0;How to do;TXT;13543513;0;How to do that?
13543513;3;help me with the best solution;TXT;13543513;3;the best solution to this?
13553629;2;java.lang.RuntimeException;OK;13553629;2;java.lang.RuntimeException
13553629;2;java.lang.ClassNotFoundException;OK;13553629;2;java.lang.ClassNotFoundException
13553629;2;show error like this;TXT;13553629;2;it show error like this
13577977;3;Is the best way to;TXT;13577977;3;Is the best way to handle this
13578727;0;How to;OK;13578727;0;How to
13589134;2;build fails with aapt.exe crashing;MISSING;13589134;-;
13589134;1;help me to resolve this issue;MISSING;13589134;-;
13589134;2;an error code 139;MISSING;13589134;-;
13596309;0;how to;MISSING;13596309;-;
13680333;2;I got this error;OK;13680333;2;I got this error
13680333;2;UnsupportedOperationException;TXT;13680333;2;java.lang.UnsupportedOperationException
13765034;1;but it doesn't work;OK;13765034;1;but it doesn't work
13765034;1;I tried to use;TXT;13765034;1;I tried to
13765034;0;How can I do;TXT;13765034;0;How can I
13814867;1;im trying to;OK;13814867;1;im trying to
13814867;-;;MISSING;13814867;1;But it returns null.
13814867;3;what im doing wrong;MISSING;13814867;-;
13814867;1;I did try to;MISSING;13814867;-;
13855823;1;but I am not able to make it work;MISSING;13855823;-;
13855823;1;button not working correctly;MISSING;13855823;-;
13876699;5;for version API 15 or higher it works with;MISSING;13876699;-;
13876699;5;but for versions before 15 it doesn´t work,;TXT;13876699;5;but for versions before 15 it doesn't work
13907266;0;how can I;OK;13907266;0;how can I
13907266;0;how can I;OK;13907266;0;how can I
13907266;0;how can I;OK;13907266;0;how can I
13907266;0;how might they have achieved that?;TXT;13907266;0;how might they have achieved that
13910508;4;is it that we can;TXT;13910508;4;Is there a way to do it
13910508;4;Is there a way to;MISSING;13910508;-;
13914825;0;how to;OK;13914825;0;how to
13914825;3;its working but somehow it not smooth;MISSING;13914825;-;
13933685;5;But when i run the app in Android ICS 4.0;OK;13933685;5;But when i run the app in Android ICS 4.0
13933685;4;Is there any other way?;OK;13933685;4;Is there any other way?
13933685;5;I was working with Spinner in Android 2.3 Ginger Bread;TXT;13933685;5;I was working with Spinner in Android 2.3 Ginger Bread version
13972647;3;Is there a more efficient way of;TXT;13972647;3;Is there a more efficient way of doing this?
13972647;3;Most efficient way;MISSING;13972647;-;
13990923;2;org.apache.http.conn.HttpHostConnectException;OK;13990923;2;org.apache.http.conn.HttpHostConnectException
13990923;2;java.net.ConnectException;OK;13990923;2;java.net.ConnectException
13990923;2;java.lang.NullPointerException;OK;13990923;2;java.lang.NullPointerException
13990923;2;ibcore.io.ErrnoException;TXT;13990923;2;libcore.io.ErrnoException
13990923;2;The error is this one:;TXT;13990923;2;The error is
13990923;2;onNetworkMainThreadException;MISSING;13990923;-;
13990923;-;;MISSING;13990923;1;I have tried
13990923;-;;MISSING;13990923;1;had no luck
13990923;1;already tried everything;MISSING;13990923;-;
13990923;-;;MISSING;13990923;2;FATAL EXCEPTION
14014956;4;if the activity goes, will the countdowntimer go;TXT;14014956;4;if the activity goes, will the countdowntimer go as well?
14050541;0;How could I;OK;14050541;0;How could I
14108249;2;It is giving me the following error;TXT;14108249;2;giving me the following error
14129778;6;'m not seeing it on the android dev doc,;TXT;14129778;6;I'm not seeing it on the android dev doc
14129778;-;;MISSING;14129778;0;how does one
14129778;4;is there some formula;MISSING;14129778;-;
14158175;1;but I am unable to;MISSING;14158175;-;
14158175;1;I am stuck;MISSING;14158175;-;
14159473;0;how to;OK;14159473;0;how to
14190888;4;Is this possible?;OK;14190888;4;Is this possible?
14190888;4;Is it possible to;MISSING;14190888;-;
14291163;4;I would like to know about, the Design Guidelines;MISSING;14291163;-;
14295475;4;What is this behavior;CAT;14295475;1;What is this behavior
14295475;0;how can i resolve this;OK;14295475;0;how can i resolve this
14295475;1;however when i try;MISSING;14295475;-;
14347475;1;but when clicking the button, nothing happens.;MISSING;14347475;-;
14371608;0;how to;OK;14371608;0;how to
14371608;-;;MISSING;14371608;1;I can get a hack to work
14371608;-;;MISSING;14371608;1;but still no stereo
14394359;3;What alternarivas there?;CAT;14394359;4;What alternarivas there?
14394359;4;s there;TXT;14394359;4;Is there
14424535;0;have no idea to do this;MISSING;14424535;-;
14430682;2;Insertion error;OK;14430682;2;Insertion error
14430682;2;Logcat error:;TXT;14430682;2;Heres my Logcat error
14430682;2;Error;MISSING;14430682;-;
14507148;4;Is it possible to;OK;14507148;4;Is it possible to
14507148;3;do Android users are more confortable;MISSING;14507148;-;
14507148;3;I would like a confirmation;MISSING;14507148;-;
14534630;0;how to;OK;14534630;0;how to
14534630;2;android.content.res.Resources$NotFoundException;OK;14534630;2;android.content.res.Resources$NotFoundException
14534630;2;getting errors in logcat;TXT;14534630;2;I am getting errors
14534630;0;how is it possible;MISSING;14534630;-;
14548306;3;will GAE work that way;CAT;14548306;4;will the user have to sign-in every time
14548306;3;If I use this;CAT;14548306;4;If I use this API
14548306;-;;MISSING;14548306;4;will GAE work that way
14597229;0;How do I;OK;14597229;0;How do I
14597229;0;how to;OK;14597229;0;how to
14597229;1;but this doesn't seem to work;MISSING;14597229;-;
14632981;4;Is there a way to;OK;14632981;4;Is there a way to
14689932;0;how to;OK;14689932;0;how to
14745027;0;How to;OK;14745027;0;How to
14745027;4;Is there any way;OK;14745027;4;Is there any way
14808342;2;Why I see this errors;OK;14808342;2;Why I see this errors
14808342;2;app throws NoClassDefFoundError;TXT;14808342;2;java.lang.NoClassDefFoundError
14808342;2;error at startup;MISSING;14808342;-;
14808342;2;FATAL EXCEPTION;MISSING;14808342;-;
14808342;2;java.lang.NoClassDefFoundError;MISSING;14808342;-;
14826598;4;Is there any;OK;14826598;4;Is there any
14826598;4;If there is any;OK;14826598;4;If there is any
14826598;-;;MISSING;14826598;4;if this was possible
14860843;0;How can I;OK;14860843;0;How can I
14860843;3;Is there maybe a better way;TXT;14860843;3;Is there maybe a better way to
15001961;0;how to;OK;15001961;0;how to
15001961;0;how i can show;TXT;15001961;0;how i can
15018856;2;show error;OK;15018856;2;show error
15018856;2;JSONException;TXT;15018856;2;Error JSONException
15018856;2;Error;TXT;15018856;2;Error JSONException
15018856;2;Error JSONException;MISSING;15018856;-;
15023327;0;How can i;TXT;15023327;0;How can i solve this problem?
15040861;0;How do I;OK;15040861;0;How do I
15046650;0;How to;OK;15046650;0;How to
15046650;3;How to do it correctly;OK;15046650;3;How to do it correctly
15055147;0;how to;OK;15055147;0;how to
15075666;4;How would you design;CAT;15075666;3;How would you design such application?
15075666;3;Is there anything else I need to consider?;CAT;15075666;4;Is there anything else I need to consider?
15075666;0;how to;MISSING;15075666;-;
15104713;0;how to get;OK;15104713;0;how to get
15104713;0;How can I get;TXT;15104713;0;How can I
15147338;4;s there such a;TXT;15147338;4;Is there such a library
15155894;2;NoClassDefError;OK;15155894;2;NoClassDefError
15155894;2;android.security.MessageDigest Error;OK;15155894;2;android.security.MessageDigest Error
15155894;2;FATAL EXCEPTION;OK;15155894;2;FATAL EXCEPTION
15155894;2;java.lang.NoClassDefFoundError;OK;15155894;2;java.lang.NoClassDefFoundError
15155894;2;my logcat log;MISSING;15155894;-;
15171686;1;I've tried to scroll to bottom, but I can't;MISSING;15171686;-;
15173514;4;what are the most common naming conventions;TXT;15173514;4;what are the most common naming conventions for method names
15225036;4;At what point is the button and its events created;TXT;15225036;4;At what point is the button and its events created, so I can perform a click on it?
15225036;1;problem is that it doesn't work;TXT;15225036;1;it doesn't work
15225036;-;;MISSING;15225036;1;doesn't work.
15227521;1;What is wrong?;OK;15227521;1;What is wrong?
15240484;-;;MISSING;15240484;0;how to update ADT 21.1
15240484;5;have updated SDK to 21.1 and how to update ADT 21.1 in old version.;MISSING;15240484;-;
15284445;4;If there is a way to do;TXT;15284445;4;If there is a way to do this
15284445;2;i get;MISSING;15284445;-;
15286618;0;How to;OK;15286618;0;How to
15295581;0;how to use;OK;15295581;0;how to use
15295581;0;how to use;TXT;15295581;0;how to use it?
15295581;0;how to access it;TXT;15295581;0;how to access
15295581;0;where do I have to;MISSING;15295581;-;
15319659;1;how would I fix this?;OK;15319659;1;how would I fix this?
15319659;2;getting the error;TXT;15319659;2;I keep getting the error
15475805;0;How to;OK;15475805;0;How to
15475805;0;how can I;OK;15475805;0;how can I
15592629;0;How to;OK;15592629;0;How to
15592629;0;How can i set;TXT;15592629;0;How can i
15607633;1;what am I doing wrong?;OK;15607633;1;what am I doing wrong?
15607633;-;;MISSING;15607633;0;how I can
15607633;-;;MISSING;15607633;6;I can't find any information on this problem anywhere
15667671;0;How can I;OK;15667671;0;How can I
15667671;1;it doesn't work.;OK;15667671;1;it doesn't work.
15667671;-;;MISSING;15667671;1;if I use
15759344;0;How to;OK;15759344;0;How to
15759344;0;how to;OK;15759344;0;how to
15759344;-;;MISSING;15759344;2;OutOfMemory exception
15759344;-;;MISSING;15759344;1;I have tried
15759344;-;;MISSING;15759344;1;not getting the expected result
15861903;4;Is there a way to;OK;15861903;4;Is there a way to
16030640;3;why my adapter is null;CAT;16030640;4;Anyone know why
16030640;2;NullPointerException;OK;16030640;2;NullPointerException
16030640;2;FATAL EXCEPTION;OK;16030640;2;FATAL EXCEPTION
16030640;2;java.lang.RuntimeException;OK;16030640;2;java.lang.RuntimeException
16030640;2;java.lang.NullPointerException;OK;16030640;2;java.lang.NullPointerException
16030640;2;getting the following error;MISSING;16030640;-;
16048754;1;doesn't work for me;MISSING;16048754;-;
16060173;1;I am trying to;OK;16060173;1;I am trying to
16060173;1;but it returns;OK;16060173;1;but it returns
16412020;3;Is it a good idea to;OK;16412020;3;Is it a good idea to
16412020;3;Is using NodeJS in Android app (HTML5 JavaScript PhoneGap) a good decision?;TXT;16412020;3;Is using
16412020;4;WHat will be pros and cons of;TXT;16412020;4;WHat will be pros and cons of using
16412020;-;;MISSING;16412020;3;a good decision?
16435441;2;Getting invalid android_key parameter error,;TXT;16435441;2;parameter error,
16458387;2;logCat says that;MISSING;16458387;-;
16458387;2;the app crashes.;MISSING;16458387;-;
16508269;2;java.io.Filenotfound exception;OK;16508269;2;java.io.Filenotfound exception
16508269;1;trying for hours without a solution;MISSING;16508269;-;
16578342;2;java.lang.NoClassDefFoundError;OK;16578342;2;java.lang.NoClassDefFoundError
16578342;2;FATAL EXCEPTION;OK;16578342;2;FATAL EXCEPTION
16578342;5;After updated to android sdk version 22 today;TXT;16578342;5;After updated to android sdk version 22
16578342;-;;MISSING;16578342;2;I got this error
16578342;5;after update to android sdk 22;MISSING;16578342;-;
16578342;5;it work correctly before the update;MISSING;16578342;-;
16578342;2;got this error,;MISSING;16578342;-;
16593064;1;but it doesnt work;MISSING;16593064;-;
16593064;-;;MISSING;16593064;0;how to achieve it?
16745806;2;java.lang.NullPointerException;OK;16745806;2;java.lang.NullPointerException
16745806;2;FATAL EXCEPTION;OK;16745806;2;FATAL EXCEPTION
16745806;2;java.lang.NullPointerException;OK;16745806;2;java.lang.NullPointerException
16745806;2;crash;MISSING;16745806;-;
16745806;1;what I can do;MISSING;16745806;-;
16752409;2;getting error;TXT;16752409;2;I am getting error
16752409;2;getting error;TXT;16752409;2;But I am getting error
16752409;-;;MISSING;16752409;2;the error is
16756452;4;what i could study to understand the concept better;CAT;16756452;6;I would like some suggestions on what i could study
16813447;0;How to;OK;16813447;0;How to
16813447;2;java.lang.RuntimeException;OK;16813447;2;java.lang.RuntimeException
16813447;2;java.lang.reflect.InvocationTargetException;OK;16813447;2;java.lang.reflect.InvocationTargetException
16813447;2;android.content.res.Resources$NotFoundException;OK;16813447;2;android.content.res.Resources$NotFoundException
16813447;3;What alternatives do I have?;OK;16813447;3;What alternatives do I have?
16813447;2;android.view.InflateException;OK;16813447;2;android.view.InflateException
16813447;2;FATAL EXCEPTION;OK;16813447;2;FATAL EXCEPTION
16813447;2;crash;TXT;16813447;2;makes the program to crash
16813447;2;org.xmlpull.v1.XmlPullParserExceptio;TXT;16813447;2;org.xmlpull.v1.XmlPullParserException
16825524;2;nullpointerexception;OK;16825524;2;nullpointerexception
16885401;3;Is there anything else I can do;TXT;16885401;3;Is there anything else I can
16885401;1;But when I try to;MISSING;16885401;-;
16885401;-;;MISSING;16885401;1;I've tried
16885401;-;;MISSING;16885401;1;but it didn't work
16885401;-;;MISSING;16885401;1;just to try but it didn't work
16886237;1;problem i have got;MISSING;16886237;-;
16892258;2;NullPointerException;OK;16892258;2;NullPointerException
16892258;-;;MISSING;16892258;2;NullPointerException
17019471;3;Why could it be?;CAT;17019471;4;Why could it be?
17037332;1;tried this code but it couldn't;TXT;17037332;1;I have tried
17037332;-;;MISSING;17037332;1;but it couldn't
17042252;2;App crashes;MISSING;17042252;-;
17102578;0;how can I;OK;17102578;0;how can I
17102578;0;How can I;TXT;17102578;0;How can I do
17143509;0;How to;OK;17143509;0;How to
17143509;1;is not working;MISSING;17143509;-;
17214756;0;How to;OK;17214756;0;How to
17232941;6;I couldn't find anything in Google design guidelines;OK;17232941;6;I couldn't find anything in Google design guidelines
17232941;4;there has to be a reason why;MISSING;17232941;-;
17258174;2;Getting errors;MISSING;17258174;-;
17258174;5;errors after updating to the latest android sdk;MISSING;17258174;-;
17258174;1;How to fix this problem;CAT;17258174;0;How to fix this problem?
17258174;-;;MISSING;17258174;2;The error message is displayed below
17258174;2;error at the startup;MISSING;17258174;-;
17258174;5;because I updated the sdk version?;CAT;17258174;1;Is this because I updated the sdk version?
17258174;-;;MISSING;17258174;2;I updated the android sdk and now the eclipse gives me this error at the startup
17346752;1;When trying to;MISSING;17346752;-;
17346752;2;crash;MISSING;17346752;-;
17346752;1;i try to make it again it crashes;MISSING;17346752;-;
17379781;0;tell me a method to;TXT;17379781;0;tell me a method to get this
17409907;0;How to;OK;17409907;0;How to
17409907;0;how do you;OK;17409907;0;how do you
17409907;4;I'm having difficulty understanding i;MISSING;17409907;-;
17439674;1;how can I resolve this issue;CAT;17439674;0;how can I
17446883;6;Please suggest some reference or material.;TXT;17446883;6;Please suggest some reference or material
17446883;6;find some useful material;MISSING;17446883;-;
17446883;-;;MISSING;17446883;6;I have been to Android Developers website but that too is not sufficient for me
17493169;-;;MISSING;17493169;3;Any additional setup / quirks necessary?
17493169;-;;MISSING;17493169;4;Anyone has this working properly?
17538084;1;I have tried various methods to fix this i;TXT;17538084;1;I have tried
17538084;1;I tried to;TXT;17538084;1;I tried
17538084;-;;MISSING;17538084;1;but to no avail
17538084;-;;MISSING;17538084;1;but it won't scale
17551297;1;I'm trying to;MISSING;17551297;-;
17592562;2;error;TXT;17592562;2;project contains error
17592562;2;compilation error;TXT;17592562;2;had some compilation error
17592562;4;why this is a problem;MISSING;17592562;-;
17607589;4;What is the use of;OK;17607589;4;What is the use of
17607589;4;What is the use of;OK;17607589;4;What is the use of
17628815;2;android.database.sqlite.SQLiteException;OK;17628815;2;android.database.sqlite.SQLiteException
17628815;2;FATAL EXCEPTION;OK;17628815;2;FATAL EXCEPTION
17628815;2;get an exception;OK;17628815;2;get an exception
17628815;2;catch that exception;TXT;17628815;2;am unable to catch that exception
17628815;2;syntax error;MISSING;17628815;-;
17642430;4;Is it possible to;OK;17642430;4;Is it possible to
17801119;0;How do I;OK;17801119;0;How do I
17801119;0;how do I get;TXT;17801119;0;how do I
17814668;0;how to use;OK;17814668;0;how to use
17814668;1;solve the problems;MISSING;17814668;-;
17814668;1;but couldn't find any working solutions;MISSING;17814668;-;
17814668;1;couldn't make it work;MISSING;17814668;-;
17869512;1;what I'm doing wrong t;TXT;17869512;1;what I'm doing wrong
17878680;3;Is this allowed?;CAT;17878680;4;Is this allowed?
17878680;3;is there any other way to;CAT;17878680;4;is there any other way to
17878680;4;Is startDocument() with Androids XMLSerializer required;TXT;17878680;4;Is startDocument() with Androids XMLSerializer required?
17878680;-;;MISSING;17878680;6;there doesn't seem to be much documentation available
18034576;2;I still get this error;OK;18034576;2;I still get this error
18034576;1;What am I doing wrong or missing;TXT;18034576;1;What am I doing wrong
18224686;1;I've tried variations of;TXT;18224686;1;I've tried
18224686;-;;MISSING;18224686;1;with no luck
18244119;1;I'm trying to;OK;18244119;1;I'm trying to
18244119;1;What am I doing wrong?;OK;18244119;1;What am I doing wrong?
18244119;1;but it's updating the wrong;OK;18244119;1;but it's updating the wrong
18271836;0;how to;OK;18271836;0;how to
18271836;4;where is the database on the real device;TXT;18271836;4;where is the database on the real device?
18292695;-;;MISSING;18292695;4;Can this ImageLoader place image to a Bitmap somehow?
18338770;0;how to;OK;18338770;0;how to
18338770;3;am I doing this totally wrong?;OK;18338770;3;am I doing this totally wrong?
18338986;0;how to;OK;18338986;0;how to
18338986;2;java.net.SocketException;MISSING;18338986;-;
18338986;2;ATAL EXCEPTION;MISSING;18338986;-;
18338986;2;java.lang.NullPointerException;MISSING;18338986;-;
18348969;-;;MISSING;18348969;1;does anybody know why or know the solution?
18348969;1;both are not working.;MISSING;18348969;-;
18348969;1;I have tried this;MISSING;18348969;-;
18348969;1;I have tried various ways;MISSING;18348969;-;
18348969;4;do not understand why it doesn't work;MISSING;18348969;-;
18353064;1;I tried;OK;18353064;1;I tried
18353064;1;but that doesn't seem to work;OK;18353064;1;but that doesn't seem to work
18353064;3;Is the rest of my code, especially my redirect URL, okay?;OK;18353064;3;Is the rest of my code, especially my redirect URL, okay?
18353064;0;Where do I put;TXT;18353064;0;Where do I put my <intent-filter>?
18353064;1;It's not working;MISSING;18353064;-;
18353064;0;Where do I add;MISSING;18353064;-;
18374115;0;how to;OK;18374115;0;how to
18474543;0;how to do;OK;18474543;0;how to do
18535843;4;What is exact use of;OK;18535843;4;What is exact use of
18535843;4;What is the cons of using;TXT;18535843;4;What is the cons of using Thread instead of using Android Service
18535843;4;What will happen if;TXT;18535843;4;What will happen if I don't use
18538513;0;How to;OK;18538513;0;How to
18538513;2;FATAL EXCEPTION;OK;18538513;2;FATAL EXCEPTION
18538513;2;Error logs;OK;18538513;2;Error logs
18538513;2;java.lang.NullPointerException;OK;18538513;2;java.lang.NullPointerException
18538513;-;;MISSING;18538513;4;does its possible to
18538513;-;;MISSING;18538513;2;java.lang.RuntimeException
18555931;2;I got these errors;OK;18555931;2;I got these errors
18555931;2;got same error.;OK;18555931;2;got same error.
18555931;2;ava.lang.UnsatisfiedLinkError;TXT;18555931;2;java.lang.UnsatisfiedLinkError
18555931;4;s there any;TXT;18555931;4;is there any prebuilt files I can easily add to my project?
18604876;2;s it showing a nullpointer exceptio;TXT;18604876;2;is it showing a nullpointer exception
18623604;0;How to achieve this?;TXT;18623604;0;How to
18623604;0;how to do;TXT;18623604;0;how to do that
18679303;-;;MISSING;18679303;1;I have tried
18679303;-;;MISSING;18679303;1;and tried
18679303;-;;MISSING;18679303;1;but I just can not seem to get it done
18679303;0;how can I achieve this method;MISSING;18679303;-;
18923079;4;Is there a way to;OK;18923079;4;Is there a way to
18923079;4;Is there a way to;OK;18923079;4;Is there a way to
18923079;-;;MISSING;18923079;6;I have been looking all over the internet, but can't find my answer.
18963113;-;;MISSING;18963113;2;Android project display error
18963113;-;;MISSING;18963113;2;starts throwing error
18963113;4;I dont understand why.;MISSING;18963113;-;
19099296;1;I tried to set width of first text view but it;TXT;19099296;1;I tried to
19099296;1;I am trying to;MISSING;19099296;-;
19099296;-;;MISSING;19099296;1;but it left the empty space at end
19177996;1;What exactly is the problem?;OK;19177996;1;What exactly is the problem?
19217175;0;How to;OK;19217175;0;How to
19217175;0;how to do it?;OK;19217175;0;how to do it?
19219924;0;how to;OK;19219924;0;how to
19219924;-;;MISSING;19219924;0;what to do after that?
19219924;-;;MISSING;19219924;0;Do I need to write the whole code again?
19219924;-;;MISSING;19219924;0;do I need to
19235013;0;What I need is to;MISSING;19235013;-;
19267763;3;Will it workout?;CAT;19267763;4;Will it workout?
19267763;3;How all these points will workout?;CAT;19267763;4;How all these points will workout?
19298048;4;is there any way to;OK;19298048;4;is there any way to
19298048;0;how it might be accomplished;TXT;19298048;0;how it might be accomplished?
19298048;-;;MISSING;19298048;0;what should I do to
19337406;0;How should I;TXT;19337406;0;How should I avoid this
19337406;3;Should I switch this to;TXT;19337406;3;Should I switch
19337406;-;;MISSING;19337406;0;how should I
19337406;3;what the best way to;MISSING;19337406;-;
19337406;0;How should I;MISSING;19337406;-;
19347257;3;Is this right?;CAT;19347257;4;Is this right?
19347257;-;;MISSING;19347257;1;I am wondering why
19358517;4;when is a context different from;TXT;19358517;4;"when is a context different from \""this\"" ?"
19358517;4;"when is a context different from \""this\";MISSING;19358517;-;
19358517;6;Could you provide an real life example;MISSING;19358517;-;
19425220;0;how to;OK;19425220;0;how to
19425220;0;How to achieve it;TXT;19425220;0;How to achieve it.
19459704;4;if there an easy way to do;TXT;19459704;4;if there an easy way to do this
19511610;0;How can I;OK;19511610;0;How can I
19511610;1;I am trying to;MISSING;19511610;-;
19511610;1;but when I;MISSING;19511610;-;
19537081;0;How to;OK;19537081;0;How to
19537081;1;Why the value of mRssi is null?;OK;19537081;1;Why the value of mRssi is null?
19537081;1;But it always;MISSING;19537081;-;
19607067;0;How to;OK;19607067;0;How to
19651782;4;Can I create;TXT;19651782;4;Can I
19839247;0;How do I;OK;19839247;0;How do I
19839247;4;Is this possible;OK;19839247;4;Is this possible
19839247;3;is there a better way to;OK;19839247;3;is there a better way to
19897628;0;how to do this;TXT;19897628;0;how to do this?
19912055;4;s there a simple way to;TXT;19912055;4;Is there a simple way to
19921219;2;error;OK;19921219;2;error
19921219;2;FATAL EXCEPTION;OK;19921219;2;FATAL EXCEPTION
19921219;2;java.lang.NullPointerException;OK;19921219;2;java.lang.NullPointerException
19921219;2;java.lang.RuntimeException;OK;19921219;2;java.lang.RuntimeException
19950974;1;but its not working;TXT;19950974;1;but its not working why?
19950974;1;Unable to;MISSING;19950974;-;
19950974;-;;MISSING;19950974;1;I've tried
19950974;-;;MISSING;19950974;1;but i couldn't
19994635;0;how to;OK;19994635;0;how to
19994635;5;migrate to a older version;MISSING;19994635;-;
20017840;0;How to;OK;20017840;0;How to
20017840;0;how to;MISSING;20017840;-;
20017840;-;;MISSING;20017840;0;how these two elements put together?
20027815;0;how does;CAT;20027815;4;can this be done on a more real time way
20167429;2;java.lang.NullPointerException;OK;20167429;2;java.lang.NullPointerException
20167429;2;FATAL EXCEPTION;OK;20167429;2;FATAL EXCEPTION
20167429;2;java.lang.RuntimeException;OK;20167429;2;java.lang.RuntimeException
20167429;2;get an error;TXT;20167429;2;I get an error
20167429;2;my LogCat:;MISSING;20167429;-;
20243322;4;Is there any solution for this?;OK;20243322;4;Is there any solution for this?
20243322;1;is not working;MISSING;20243322;-;
20256788;3;is there any other way;TXT;20256788;3;is there any other way how
20256788;1;Please give me some light;MISSING;20256788;-;
20260416;0;how to get;OK;20260416;0;how to get
20260416;5;but in 19 version it will give me null value;TXT;20260416;5;For 19 below version
20260416;5;For 19 below version we used;MISSING;20260416;-;
20260416;-;;MISSING;20260416;5;but in 19 version it will give me null
20278610;1;how can i solve it?;OK;20278610;1;how can i solve it?
20314819;1;what am I doing wrong?;OK;20314819;1;what am I doing wrong?
20314819;1;I am trying to;MISSING;20314819;-;
20314819;1;but having problems;MISSING;20314819;-;
20314819;-;;MISSING;20314819;1;What should I do?
20416927;0;How to;OK;20416927;0;How to
20416927;-;;MISSING;20416927;0;If any one know to
20428600;1;I'm attempting to;OK;20428600;1;I'm attempting to
20428600;-;;MISSING;20428600;1;However
20551319;1;but it is not working;MISSING;20551319;-;
20925284;3;if it's optimal to;OK;20925284;3;if it's optimal to
21003902;0;How to;OK;21003902;0;How to
21003902;0;how can I;OK;21003902;0;how can I
21003902;0;How can I c;TXT;21003902;0;How can I
21003902;-;;MISSING;21003902;1;Why is that?
21011920;0;How to do;TXT;21011920;0;How to do it
21011920;0;How to do this;TXT;21011920;0;How to do this.
21011920;1;I have tried in Normal class but I am unable;TXT;21011920;1;I have tried
21011920;-;;MISSING;21011920;0;how use
21011920;2;getting an error i;MISSING;21011920;-;
21011920;1;I am trying to;MISSING;21011920;-;
21011920;-;;MISSING;21011920;1;but I am unable to
21053856;2;FATAL EXCEPTION;OK;21053856;2;FATAL EXCEPTION
21053856;2;java.lang.RuntimeException;OK;21053856;2;java.lang.RuntimeException
21053856;2;java.lang.ClassCastException;OK;21053856;2;java.lang.ClassCastException
21053856;2;getting this error;TXT;21053856;2;I am getting this error
21053856;2;getting this error;TXT;21053856;2;I also am getting this error
21140401;0;suggest a way to;MISSING;21140401;-;
21178571;1;but its not working;MISSING;21178571;-;
21178571;1;whats wrong in my code;MISSING;21178571;-;
21360326;4;Which format should I use?;CAT;21360326;3;Which format should I use?
21360326;1;Whats wrong with the code??;TXT;21360326;1;Whats wrong with the code?
21360326;-;;MISSING;21360326;1;Is it some format issue?
21367472;5;Now I want to update to AA 3.0.1;OK;21367472;5;Now I want to update to AA 3.0.1
21367472;5;update to 3.0.1 doesn't work;MISSING;21367472;-;
21379827;0;How do I;OK;21379827;0;How do I
21379827;1;but it isn't updating t;MISSING;21379827;-;
21443297;0;How can I;OK;21443297;0;How can I
21520935;2;java.lang.RuntimeException;OK;21520935;2;java.lang.RuntimeException
21520935;2;FATAL EXCEPTION;OK;21520935;2;FATAL EXCEPTION
21520935;2;java.lang.RuntimeException;OK;21520935;2;java.lang.RuntimeException
21520935;2;crashed the app;TXT;21520935;2;Adding that crashed the app
21520935;-;;MISSING;21520935;2;this crashes.
21545566;1;Does anyone know what's wrong?;TXT;21545566;1;what's wrong?
21545566;2;'m getting the following error;MISSING;21545566;-;
21546261;1;what is wrong with the code;TXT;21546261;1;what is wrong
21647710;4;What is the difference between;OK;21647710;4;What is the difference between
21647710;4;What is the difference between;OK;21647710;4;What is the difference between
21647710;4;What is the difference between;MISSING;21699140;-;
21699140;4;why?;CAT;21699140;1;Could you tell me why?
21699140;1;How could I correct it?;OK;21699140;1;How could I correct it?
21699140;2;activity would crash;MISSING;21699140;-;
21699140;2;error;MISSING;21699140;-;
21771652;4;How does it work?;CAT;21771652;0;How does it work?
21771652;0;Where do I get the app Id;TXT;21771652;0;Where do I get the app Id?
21771652;2;I get the following error.;MISSING;21771652;-;
21771652;3;Should I register with Google for getting an app id?;MISSING;21771652;-;
21771652;2;ATAL EXCEPTION:;MISSING;21771652;-;
21771652;2;java.lang.RuntimeException;MISSING;21771652;-;
21771652;2;java.lang.IllegalArgumentException;MISSING;21771652;-;
22019517;4;Is there a general guideline or rule of thumb on;CAT;22019517;3;Is there a general guideline or rule of thumb
22019517;3;is there a better method;TXT;22019517;3;is there a better method than this?
22019517;-;;MISSING;22019517;3;Should I cache them
22019517;-;;MISSING;22019517;3;or not worry about them
22044847;1;I'm trying to;MISSING;22044847;-;
22245093;3;Is there something I'm missing?;CAT;22245093;1;Is there something I'm missing?
22245093;4;Why;TXT;22245093;4;Why won't
22315834;4;Why it happen?;CAT;22315834;1;Why it happen?
22315834;2;i got this error;TXT;22315834;2;i got this error.
22371896;2;java.lang.IllegalStateException;OK;22371896;2;java.lang.IllegalStateException
22371896;2;FATAL EXCEPTION;OK;22371896;2;FATAL EXCEPTION
22371896;2;IllegalStateException;TXT;22371896;2;I end up with IllegalStateException error
22371896;2;error in the logcat;MISSING;22371896;-;
22403331;0;how to;OK;22403331;0;how to
22403331;0;how to;MISSING;22403331;-;
22403331;0;how to;MISSING;22403331;-;
22442558;2;android.database.sqlite.SQLiteException;MISSING;22442558;-;
22442558;2;gives error;MISSING;22442558;-;
22537733;0;how to;TXT;22537733;0;how to make
22544719;0;how I need to;MISSING;22544719;-;
22547474;1;how can i fix it?;OK;22547474;1;how can i fix it?
22605787;4;Can I apply;TXT;22605787;4;Can I
22665739;1;cannot solve the problem;MISSING;22665739;-;
22667937;3;Should I use;TXT;22667937;3;Should I use services or asyncTask
22667937;4;can I do;TXT;22667937;4;can I do it in
22734978;4;what's the difference between;OK;22734978;4;what's the difference between
22734978;-;;MISSING;22734978;4;What is
23823957;5;Lib with different targetSDK version;MISSING;23823957;-;
23823957;5;compiled with targetSdkVersion 19. and my application have minSdkVersion 15;MISSING;23823957;-;
23823957;3;shortcut for this operation;CAT;23823957;4;if exist a shortcut for this operation.
26518462;5;issue is when I run the app on API 16 that;TXT;26518462;5;The issue is when I run the app on API 16 that the WebView doesn't display a table correctly all of the time.
26518462;5;ran this app on API 19, 20, and 21 without ever having this issue.;TXT;26518462;5;I've also ran this app on API 19, 20, and 21 without ever having this issue.
26681588;5;After downloading Android Studio 0.9.0 and after having it update the Gradle plugin to 0.14.0;OK;26681588;5;After downloading Android Studio 0.9.0 and after having it update the Gradle plugin to 0.14.0
26681588;2;getting the following error;TXT;26681588;2;I keep getting the following error whenever I try to build
26681588;-;;MISSING;26681588;2;Error:Cannot get the value of write-only property 'runProguard'
26681588;-;;MISSING;26681588;1;How can I get this error to go away?
26884608;2;error i am getting;TXT;26884608;2;Stacktrace of error i am getting
26884608;5;after updating robolectric with 2.4;OK;26884608;5;after updating robolectric with 2.4
29117567;5;work for me before I had upgraded to 5.0.1.;TXT;29117567;5;This feature used to work for me before I had upgraded to 5.0.1
29117567;1;Anyone else is facing an issue this like?;MISSING;29117567;-;
29117567;4;is there any way I can;TXT;29117567;4;is there any way I can use the ADT to capture the screenshot?
29117567;4;is there any way I can;TXT;29117567;4;is there any way I can capture the screenshot?
30526487;5;after I updated my Android Studio to 1.3 version.;TXT;30526487;5;I can't build project properly after I updated my Android Studio to 1.3 version.
30526487;2;I found in project gradle file error;MISSING;30526487;-;
30526487;1;Is there any way to fix it?;OK;30526487;1;Is there any way to fix it?
30526791;5;After updating android-support library to 22.2.0 project stopped compiling.;OK;30526791;5;After updating android-support library to 22.2.0 project stopped compiling.
30526791;1;how to work around this issue;MISSING;30526791;-;
30526791;-;;MISSING;30526791;2;error: cannot access DialogStyle
30526791;5;Previously used version was 22.1.1;OK;30526791;5;Previously used version was 22.1.1
31671301;5;able to support Android versions below 4.1;MISSING;31671301;-;
31671301;4;if there is a way to;TXT;31671301;4;if there is a way to restrict the users from updating their app
31671301;5;estrict the users from updating their app if the the user's android version is below 4.1;MISSING;31671301;-;
32243847;-;;MISSING;32243847;0;how can i downgrade
32243847;5;downgrade a library in android studio from api 23 to api 19;MISSING;32243847;-;
32243847;5;I upgraded libraries for api level 23;TXT;32243847;5;I am developing an application for Android API level 19, but I upgraded libraries for api level 23 and when I compile the project I have these errors.
32243847;2;have these errors;MISSING;32243847;-;
36041787;5;if I update Google Analytics to version 4 the game starts but;OK;36041787;5;if I update Google Analytics to version 4 the game starts but
36041787;2;I get some exceptions.;TXT;36041787;2;but I get some exceptions
36041787;0;How to;TXT;36041787;0;How to properly update
36041787;2;I get these errors.;MISSING;36041787;-;
36662251;5;running fine before the upgrade;TXT;36662251;5;Everything was running fine before the upgrade
36662251;-;;MISSING;36662251;2;Now when I try to Run my app I keep getting this Message.
36662251;5;updated it today only, earlier;TXT;36662251;5;I updated it today only, earlier I was at gradle:2.0.0-alpha9
36662251;-;;MISSING;36662251;2;UnsupportedMethodException
37755039;5;I cannot load my custom fonts anymore after upgrading to Android Studio 2.2 preview 3 from 2.1.;TXT;37755039;5;after upgrading to Android Studio 2.2 preview 3 from 2.1
37755039;2;It throws this;OK;37755039;2;It throws this
37755039;2;java.lang.RuntimeException:;TXT;37755039;2;java.lang.RuntimeException
39007805;1;solve the problem. I've tried all;MISSING;39007805;-;
39007805;5;after upgrading the dependency version?;CAT;39007805;1;why Android Studio cannot find any of the library classes after upgrading the dependency version?
39007805;5;cannot find classes after upgrading version of dependency;MISSING;39007805;-;
39007805;-;;MISSING;39007805;1;why can one project find the classes from the library but the other cannot?
39879486;2;I'm getting error;OK;39879486;2;I'm getting error
39879486;0;how can I do it?;TXT;39879486;0;If yes, how can I do it?
39879486;-;;MISSING;39879486;3;Should I switch to API version 23?
39879486;5;switch to API version 23?;MISSING;39879486;-;
39879486;2;java.lang.UnsupportedClassVersionError: com/android/dx/command/Main : Unsupported major.minor version 52.0;TXT;39879486;2;java.lang.UnsupportedClassVersionError
39879486;5;trying to use the 24 API version.;MISSING;39879486;-;
43135068;2;"i got ""FATAL EXCEPTION"" due to no class def found error.";TXT;43135068;2;"i got ""FATAL EXCEPTION"" due to no class def found error"
43135068;5;working above android API level 23.;TXT;43135068;5;below android API level 21 application getting crashes
43135068;5;below android API level 21 application getting crashes;MISSING;43135068;-;
43135068;2;getting crashes i;MISSING;43135068;-;
43135068;-;;MISSING;43135068;5;same app working above android API level 23.
44515264;5;working fine in Andorid below API level 24. But in API level 24 or greater the l;MISSING;44515264;-;
44515264;-;;MISSING;44515264;5;It is working fine in Andorid below API level 24
44515264;5;But in API level 24 or greater ;TXT;44515264;5;But in API level 24 or greater the layout direction is not changing 
44515264;5;But in API level 24 or greater the layout direction is not changing according to locale;MISSING;44515264;-;
