source,type,how,reason,ngrams,sw,label,tune,prune,resample,acc,prec_t,rec_t,f_t,auc,prec_f,rec_f,f_f,prec_avg,rec_avg,f_avg
all,pos,short,DOCUMENTATION,1,none,sl,FALSE,FALSE,none,0.38,0.0889276373147341,1,0.163235294117647,0.797872340425532,1,0.340425531914894,0.504545454545455,0.945335658238884,0.38,0.484066844919786
all,pos,short,DOCUMENTATION,1,none,sl,FALSE,TRUE,none,0.47,0.104117647058824,1,0.188223938223938,0.817375886524823,1,0.436170212765958,0.601190476190476,0.946247058823529,0.47,0.576412483912484
all,pos,short,DOCUMENTATION,1,none,sl,FALSE,FALSE,smote,0.81,0.0666666666666665,0.333333333333334,0.111111111111111,0.75177304964539,0.954464285714286,0.840425531914893,0.88831835686778,0.901196428571428,0.81,0.84168592212238
all,pos,short,DOCUMENTATION,1,none,sl,FALSE,TRUE,smote,0.91,0,0,0,0.643617021276596,0.938085106382978,0.968085106382978,0.952621188857206,0.8818,0.91,0.895463917525773
all,pos,short,DOCUMENTATION,1,none,sl,FALSE,FALSE,none,0.94,0,0,0,0.4822695035461,0.94,1,0.969072164948454,0.8836,0.94,0.910927835051546
all,pos,short,DOCUMENTATION,1,none,sl,FALSE,TRUE,none,0.94,0,0,0,0.601063829787234,0.94,1,0.969072164948454,0.8836,0.94,0.910927835051546
all,pos,short,DOCUMENTATION,1,none,sl,FALSE,FALSE,smote,0.94,0,0,0,0.562056737588653,0.94,1,0.969072164948454,0.8836,0.94,0.910927835051546
all,pos,short,DOCUMENTATION,1,none,sl,FALSE,TRUE,smote,0.94,0,0,0,0.524822695035461,0.94,1,0.969072164948454,0.8836,0.94,0.910927835051546
